"Arthritis & Rheumatic Diseases","Juvenile Idiopathic Arthritis"
"Arthritis & Rheumatic Diseases","Juvenile Rheumatoid Arthritis"
"Arthritis & Rheumatic Diseases","Osteoarthritis of the Knee"
"Arthritis & Rheumatic Diseases","Osteoarthritis, Knee"
"Arthritis & Rheumatic Diseases","Rheumatoid Arthritis"
"Blood Disorders","Anemia"
"Blood Disorders","Anemia, Aplastic"
"Blood Disorders","Anemia, Hemolytic, Autoimmune"
"Blood Disorders","Anemia, Refractory, With Excess of Blasts"
"Blood Disorders","Anticoagulation"
"Blood Disorders","Aplastic Anemia"
"Blood Disorders","Blood Coagulation Disorders"
"Blood Disorders","Blood Disease"
"Blood Disorders","Diamond Blackfan Anemia"
"Blood Disorders","Diamond-Blackfan Anemia"
"Blood Disorders","Diamond-blackfan Anemia"
"Blood Disorders","Fanconi Anemia"
"Blood Disorders","Fanconi's Anemia"
"Blood Disorders","Iron Overload"
"Blood Disorders","Procoagulation Markers"
"Blood Disorders","Refractory Anemia"
"Blood Disorders","Sickle Cell Anemia"
"Cancer","Accelerated Phase Chronic Myelogenous Leukemia"
"Cancer","Accelerated Phase Chronic Myelogenous Leukemia, BCR-ABL1 Positive"
"Cancer","Acute Leukemia"
"Cancer","Acute Leukemias"
"Cancer","Acute Leukemias of Ambiguous Lineage"
"Cancer","Acute Lymphoblastic Leukemia"
"Cancer","Acute Lymphoblastic Leukemia (ALL)"
"Cancer","Acute Lymphoblastic Leukemia/Lymphoma"
"Cancer","Acute Lymphocytic Leukemia"
"Cancer","Acute Lymphocytic Leukemia (ALL)"
"Cancer","Acute Myelogenous Leukemia"
"Cancer","Acute Myelogenous Leukemia (AML)"
"Cancer","Acute Myeloid Leukemia"
"Cancer","Acute Myeloid Leukemia (AML)"
"Cancer","Acute Myeloid Leukemia With Multilineage Dysplasia"
"Cancer","Acute Myeloid Leukemia/Transient Myeloproliferative Disorder"
"Cancer","Acute Undifferentiated Leukemia"
"Cancer","Adenocarcinoma of the Lung"
"Cancer","Adenocarcinoma of the Prostate"
"Cancer","Adenosquamous Cell Lung Cancer"
"Cancer","Adrenocortical Carcinoma"
"Cancer","Adult Acute Lymphoblastic Leukemia"
"Cancer","Adult Acute Lymphoblastic Leukemia in Remission"
"Cancer","Adult Acute Megakaryoblastic Leukemia"
"Cancer","Adult Acute Megakaryoblastic Leukemia (M7)"
"Cancer","Adult Acute Minimally Differentiated Myeloid Leukemia (M0)"
"Cancer","Adult Acute Monoblastic Leukemia"
"Cancer","Adult Acute Monoblastic Leukemia (M5a)"
"Cancer","Adult Acute Monocytic Leukemia"
"Cancer","Adult Acute Monocytic Leukemia (M5b)"
"Cancer","Adult Acute Myeloblastic Leukemia With Maturation (M2)"
"Cancer","Adult Acute Myeloblastic Leukemia Without Maturation (M1)"
"Cancer","Adult Acute Myeloid Leukemia With 11q23 (MLL) Abnormalities"
"Cancer","Adult Acute Myeloid Leukemia With Del(5q)"
"Cancer","Adult Acute Myeloid Leukemia With Inv(16)(p13.1q22); CBFB-MYH11"
"Cancer","Adult Acute Myeloid Leukemia With Inv(16)(p13;q22)"
"Cancer","Adult Acute Myeloid Leukemia With Maturation"
"Cancer","Adult Acute Myeloid Leukemia With Minimal Differentiation"
"Cancer","Adult Acute Myeloid Leukemia With t(15;17)(q22;q12)"
"Cancer","Adult Acute Myeloid Leukemia With t(16;16)(p13.1;q22); CBFB-MYH11"
"Cancer","Adult Acute Myeloid Leukemia With t(16;16)(p13;q22)"
"Cancer","Adult Acute Myeloid Leukemia With t(8;21)(q22;q22)"
"Cancer","Adult Acute Myeloid Leukemia With t(8;21)(q22;q22); RUNX1-RUNX1T1"
"Cancer","Adult Acute Myeloid Leukemia With t(9;11)(p22;q23); MLLT3-MLL"
"Cancer","Adult Acute Myeloid Leukemia Without Maturation"
"Cancer","Adult Acute Myeloid Leukemia in Remission"
"Cancer","Adult Acute Myelomonocytic Leukemia"
"Cancer","Adult Acute Myelomonocytic Leukemia (M4)"
"Cancer","Adult Alveolar Soft-part Sarcoma"
"Cancer","Adult Angiosarcoma"
"Cancer","Adult B Acute Lymphoblastic Leukemia"
"Cancer","Adult Brain Malignant Hemangiopericytoma"
"Cancer","Adult Epithelioid Sarcoma"
"Cancer","Adult Extraskeletal Chondrosarcoma"
"Cancer","Adult Extraskeletal Osteosarcoma"
"Cancer","Adult Fibrosarcoma"
"Cancer","Adult Hodgkin Lymphoma"
"Cancer","Adult Leiomyosarcoma"
"Cancer","Adult Liposarcoma"
"Cancer","Adult Malignant Fibrous Histiocytoma"
"Cancer","Adult Malignant Hemangiopericytoma"
"Cancer","Adult Malignant Meningioma"
"Cancer","Adult Malignant Mesenchymoma"
"Cancer","Adult Neurofibrosarcoma"
"Cancer","Adult Non-Hodgkin Lymphoma"
"Cancer","Adult Pure Erythroid Leukemia"
"Cancer","Adult Pure Erythroid Leukemia (M6b)"
"Cancer","Adult Rhabdomyosarcoma"
"Cancer","Adult Synovial Sarcoma"
"Cancer","Advanced Cancer"
"Cancer","Advanced Gastric Cancer"
"Cancer","Advanced Prostate Cancer"
"Cancer","Advanced Solid Tumors, Excluding Breast Cancer"
"Cancer","Aggressive NK-cell Leukemia"
"Cancer","Alveolar Soft Part Sarcoma"
"Cancer","Anal Cancer"
"Cancer","Anaplastic Large Cell Lymphoma"
"Cancer","Anaplastic Large-Cell Lymphoma"
"Cancer","Anaplastic Thyroid Cancer"
"Cancer","Angioimmunoblastic T-cell Lymphoma"
"Cancer","B-cell Non-Hodgkin Lymphoma"
"Cancer","Basal Cell Carcinoma"
"Cancer","Bile Duct Cancer"
"Cancer","Bladder Cancer"
"Cancer","Bladder Cancer Requiring Cystectomy"
"Cancer","Bladder Urothelial Carcinoma"
"Cancer","Brain Neoplasms, Malignant"
"Cancer","Breast Adenocarcinoma"
"Cancer","Breast Cancer"
"Cancer","Bronchoalveolar Cell Lung Cancer"
"Cancer","Burkitt Lymphoma"
"Cancer","Burkitt's Lymphoma"
"Cancer","CANCER, NOS"
"Cancer","CNS Cancer"
"Cancer","Cancer"
"Cancer","Cancer Bone"
"Cancer","Cancer Survivor"
"Cancer","Cancer of Brain"
"Cancer","Cancer of the Brain"
"Cancer","Cancer of the Larynx"
"Cancer","Cancer of the Nasal Cavity"
"Cancer","Cancer of the Oral Cavity"
"Cancer","Cancer of the Pharynx"
"Cancer","Carcinoma Non-small Cell Lung Cancer Stage IIIA"
"Cancer","Carcinoma Non-small Cell Lung Cancer Stage IIIB"
"Cancer","Carcinoma Non-small Cell Lung Cancer Stage IV"
"Cancer","Carcinoma of Unknown Primary"
"Cancer","Carcinoma, Non-Small Cell Lung"
"Cancer","Carcinoma, Non-Small-Cell Lung"
"Cancer","Cervical Adenocarcinoma"
"Cancer","Cervical Adenosquamous Carcinoma"
"Cancer","Cervical Cancer"
"Cancer","Cervical Squamous Cell Carcinoma"
"Cancer","Childhood Acute Basophilic Leukemia"
"Cancer","Childhood Acute Eosinophilic Leukemia"
"Cancer","Childhood Acute Erythroid Leukemia"
"Cancer","Childhood Acute Erythroleukemia (M6)"
"Cancer","Childhood Acute Lymphoblastic Leukemia"
"Cancer","Childhood Acute Lymphoblastic Leukemia in Remission"
"Cancer","Childhood Acute Megakaryoblastic Leukemia"
"Cancer","Childhood Acute Megakaryocytic Leukemia (M7)"
"Cancer","Childhood Acute Minimally Differentiated Myeloid Leukemia (M0)"
"Cancer","Childhood Acute Monoblastic Leukemia"
"Cancer","Childhood Acute Monoblastic Leukemia (M5a)"
"Cancer","Childhood Acute Monocytic Leukemia"
"Cancer","Childhood Acute Monocytic Leukemia (M5b)"
"Cancer","Childhood Acute Myeloblastic Leukemia With Maturation (M2)"
"Cancer","Childhood Acute Myeloblastic Leukemia Without Maturation (M1)"
"Cancer","Childhood Acute Myeloid Leukemia With Maturation"
"Cancer","Childhood Acute Myeloid Leukemia Without Maturation"
"Cancer","Childhood Acute Myeloid Leukemia in Remission"
"Cancer","Childhood Acute Myeloid Leukemia/Other Myeloid Malignancies"
"Cancer","Childhood Alveolar Rhabdomyosarcoma"
"Cancer","Childhood Alveolar Soft-part Sarcoma"
"Cancer","Childhood Anaplastic Rhabdomyosarcoma"
"Cancer","Childhood Angiosarcoma"
"Cancer","Childhood Botryoid-Type Embryonal Rhabdomyosarcoma"
"Cancer","Childhood Burkitt Lymphoma"
"Cancer","Childhood Cancer"
"Cancer","Childhood Central Nervous System Choriocarcinoma"
"Cancer","Childhood Cerebral Astrocytoma/Malignant Glioma"
"Cancer","Childhood Diffuse Large Cell Lymphoma"
"Cancer","Childhood Embryonal Rhabdomyosarcoma"
"Cancer","Childhood Epithelioid Sarcoma"
"Cancer","Childhood Fibrosarcoma"
"Cancer","Childhood Gliosarcoma"
"Cancer","Childhood Grade III Lymphomatoid Granulomatosis"
"Cancer","Childhood Hepatocellular Carcinoma"
"Cancer","Childhood Immunoblastic Large Cell Lymphoma"
"Cancer","Childhood Leiomyosarcoma"
"Cancer","Childhood Liposarcoma"
"Cancer","Childhood Lymphocyte Predominant Hodgkin Lymphoma"
"Cancer","Childhood Malignant Mesenchymoma"
"Cancer","Childhood Malignant Ovarian Germ Cell Tumor"
"Cancer","Childhood Malignant Testicular Germ Cell Tumor"
"Cancer","Childhood Mixed Alveolar Rhabdomyosarcoma"
"Cancer","Childhood Nasal Type Extranodal NK/T-cell Lymphoma"
"Cancer","Childhood Neurofibrosarcoma"
"Cancer","Childhood Nodular Lymphocyte Predominant Hodgkin Lymphoma"
"Cancer","Childhood Synovial Sarcoma"
"Cancer","Chondrosarcoma"
"Cancer","Clear Cell Renal Carcinoma"
"Cancer","Clear Cell Renal Cell Carcinoma"
"Cancer","Clear Cell Sarcoma of Soft Tissue"
"Cancer","Clear Cell Sarcoma of the Kidney"
"Cancer","Cognitive Side Effects of Cancer Therapy"
"Cancer","Colon Cancer"
"Cancer","Colorectal Cancer"
"Cancer","Cutaneous B-cell Non-Hodgkin Lymphoma"
"Cancer","Cutaneous T Cell Lymphoma"
"Cancer","Cutaneous T-Cell Lymphoma"
"Cancer","Diffuse Large B Cell Lymphoma"
"Cancer","Diffuse Large B Cell Non-Hodgkin Lymphoma"
"Cancer","Distal Urethral Carcinoma"
"Cancer","Duodenal Cancer"
"Cancer","Embryonal Childhood Rhabdomyosarcoma"
"Cancer","Embryonal-botryoid Childhood Rhabdomyosarcoma"
"Cancer","Endometrial Cancer"
"Cancer","Endometrial Carcinoma"
"Cancer","Epithelioid Malignant Peripheral Nerve Sheath Tumor"
"Cancer","Epithelioid Sarcoma"
"Cancer","Esophageal Cancer"
"Cancer","Ewing Sarcoma of Bone"
"Cancer","Extensive Stage Small Cell Lung Cancer"
"Cancer","Extranodal Marginal Zone B-cell Lymphoma of Mucosa-associated Lymphoid Tissue"
"Cancer","Extraosseous Ewing Sarcoma"
"Cancer","Extraosseous Ewing Sarcoma/Peripheral Primitive Neuroectodermal Tumor"
"Cancer","Extraskeletal Myxoid Chondrosarcoma"
"Cancer","Extraskeletal Osteosarcoma"
"Cancer","Fallopian Tube Cancer"
"Cancer","Fallopian Tube Carcinoma"
"Cancer","Follicular Lymphoma"
"Cancer","Gallbladder Cancer"
"Cancer","Gastric Cancer"
"Cancer","HER2 Positive Breast Carcinoma"
"Cancer","Head and Neck Cancer"
"Cancer","Head and Neck Squamous Cell Carcinoma"
"Cancer","Hematologic Malignancies"
"Cancer","Hematologic Malignancy"
"Cancer","Hematopoietic Malignancy"
"Cancer","Hematopoietic/Lymphoid Cancer"
"Cancer","Hepatocellular Cancer"
"Cancer","Hepatocellular Carcinoma"
"Cancer","Hepatosplenic T-cell Lymphoma"
"Cancer","Hereditary Breast/Ovarian Cancer (brca1, brca2)"
"Cancer","High Grade Non-Hodgkin's Lymphoma"
"Cancer","Hodgkin Lymphoma"
"Cancer","Hodgkin's Lymphoma"
"Cancer","Hypopharyngeal Cancer"
"Cancer","Infiltrating Bladder Urothelial Carcinoma Associated With Urethral Carcinoma"
"Cancer","Intimal Sarcoma"
"Cancer","Intraocular Lymphoma"
"Cancer","Keratinizing Head and Neck Squamous Cell Carcinoma"
"Cancer","Kidney Cancer"
"Cancer","Large Cell Lymphoma"
"Cancer","Large Cell Non-Hodgkin's Lymphoma"
"Cancer","Leiomyosarcoma"
"Cancer","Leukemia"
"Cancer","Leukemia, Lymphoblastic"
"Cancer","Leukemia, Lymphoblastic, Acute"
"Cancer","Leukemia, Lymphoblastic, Acute, L1"
"Cancer","Leukemia, Lymphoblastic, Acute, L2"
"Cancer","Leukemia, Lymphoblastic, Acute, Philadelphia-Positive"
"Cancer","Leukemia, Lymphoblastic, Acute, T Cell"
"Cancer","Leukemia, Lymphocytic, Acute"
"Cancer","Leukemia, Lymphocytic, Acute, L1"
"Cancer","Leukemia, Lymphocytic, Acute, L2"
"Cancer","Leukemia, Lymphocytic, Chronic"
"Cancer","Leukemia, Myelocytic, Acute"
"Cancer","Leukemia, Myelogenous, Acute"
"Cancer","Leukemia, Myeloid, Acute"
"Cancer","Leukemia, Myeloid, Acute,"
"Cancer","Leukemia, Myeloid, Chronic"
"Cancer","Leukemia, Myeloid, Chronic Phase"
"Cancer","Leukemia, Mylegenous, Accelerated"
"Cancer","Leukemia, Mylegenous, Chronic"
"Cancer","Leukemia, Myleiod"
"Cancer","Leukemia, Nonlymphocytic, Acute"
"Cancer","Leukemia,Pediatric"
"Cancer","Lip Cancer"
"Cancer","Liposarcoma"
"Cancer","Liver Cancer"
"Cancer","Localized Ewing Sarcoma/Peripheral Primitive Neuroectodermal Tumor"
"Cancer","Localized Osteosarcoma"
"Cancer","Locally Recurrent Breast Cancer"
"Cancer","Long-Term Effects Secondary to Cancer Therapy in Adults"
"Cancer","Long-Term Effects Secondary to Cancer Therapy in Children"
"Cancer","Long-term Effects Secondary to Cancer Therapy in Children"
"Cancer","Low Grade Fibromyxoid Sarcoma"
"Cancer","Low Grade Myofibroblastic Sarcoma"
"Cancer","Lung Cancer"
"Cancer","Lymphoblastic Lymphoma"
"Cancer","Lymphoma"
"Cancer","Lymphoma, B-Cell"
"Cancer","Lymphoma, Follicular"
"Cancer","Lymphoma, Large B-Cell, Diffuse"
"Cancer","Lymphoma, Large-Cell, Immunoblastic"
"Cancer","Lymphoma, Non-Hodgkin"
"Cancer","Lymphomas"
"Cancer","Lymphoplasmacytic Lymphoma"
"Cancer","Male Breast Carcinoma"
"Cancer","Malignant Childhood Neoplasm"
"Cancer","Malignant Cutaneous Granular Cell Tumor"
"Cancer","Malignant Melanoma"
"Cancer","Malignant Mesothelioma"
"Cancer","Malignant Ovarian Mixed Epithelial Tumor"
"Cancer","Malignant Peripheral Nerve Sheath Tumor"
"Cancer","Malignant Primary Brain Tumors"
"Cancer","Malignant Solid Tumor"
"Cancer","Malignant Triton Tumor"
"Cancer","Malignant Tumor of Renal Pelvis"
"Cancer","Mantle-Cell Lymphoma"
"Cancer","Marginal Zone B-Cell Lymphoma"
"Cancer","Marginal Zone B-cell Lymphoma"
"Cancer","Mature T-Cell and NK-Cell Non-Hodgkin Lymphoma"
"Cancer","Metastatic Androgen Independent Prostate Cancer"
"Cancer","Metastatic Breast Cancer"
"Cancer","Metastatic Cancer"
"Cancer","Metastatic Childhood Soft Tissue Sarcoma"
"Cancer","Metastatic Ewing Sarcoma"
"Cancer","Metastatic Ewing Sarcoma/Peripheral Primitive Neuroectodermal Tumor"
"Cancer","Metastatic Liposarcoma"
"Cancer","Metastatic Malignant Neoplasm to the Bone"
"Cancer","Metastatic Malignant Neoplasm to the Bone Marrow"
"Cancer","Metastatic Malignant Neoplasm to the Lung"
"Cancer","Metastatic Osteosarcoma"
"Cancer","Metastatic Pancreatic Cancer"
"Cancer","Metastatic Prostate Cancer"
"Cancer","Metastatic Urothelial Carcinoma of the Renal Pelvis and Ureter"
"Cancer","Multiple Myeloma"
"Cancer","Multiple Myeloma and Plasma Cell Neoplasm"
"Cancer","Myelodysplasia"
"Cancer","Myelodysplastic Syndrome"
"Cancer","Myelodysplastic Syndrome (MDS)"
"Cancer","Myelodysplastic Syndromes"
"Cancer","Myelodysplastic Syndromes (MDS)"
"Cancer","Myelodysplastic-Myeloproliferative Diseases"
"Cancer","Myelodysplastic/Myeloproliferative Diseases"
"Cancer","Myelodysplastic/Myeloproliferative Neoplasms"
"Cancer","Myelofibrosis"
"Cancer","Myelogenous Leukemia, Acute, Childhood"
"Cancer","Myeloid/NK-cell Acute Leukemia"
"Cancer","Myeloma"
"Cancer","Myeloproliferative Disorder"
"Cancer","Myeloproliferative Disorders"
"Cancer","Myxofibrosarcoma"
"Cancer","Myxoid Chondrosarcoma"
"Cancer","Myxoinflammatory Fibroblastic Sarcoma"
"Cancer","Nasal Cavity Cancer"
"Cancer","Nasopharyngeal Basaloid Squamous Cell Carcinoma"
"Cancer","Nasopharyngeal Cancer"
"Cancer","Neoplasm of Uncertain Malignant Potential"
"Cancer","Nodal Marginal Zone B-cell Lymphoma"
"Cancer","Non Small Cell Lung Cancer"
"Cancer","Non Small Cell Lung Carcinoma"
"Cancer","Non-Hodgkin Lymphoma"
"Cancer","Non-Hodgkin's Lymphoma"
"Cancer","Non-Metastatic Childhood Soft Tissue Sarcoma"
"Cancer","Non-hodgkin Lymphoma"
"Cancer","Non-hodgkin's Lymphoma"
"Cancer","Non-malignant Hematologic Disorders"
"Cancer","Non-small Cell Lung Cancer"
"Cancer","Noncutaneous Extranodal Lymphoma"
"Cancer","Nonmetastatic Childhood Soft Tissue Sarcoma"
"Cancer","Oral Cancer"
"Cancer","Oral Cavity Cancer"
"Cancer","Oropharyngeal Cancer"
"Cancer","Ovarian Cancer"
"Cancer","Ovarian Clear Cell Cystadenocarcinoma"
"Cancer","Ovarian Embryonal Carcinoma"
"Cancer","Ovarian Endometrioid Adenocarcinoma"
"Cancer","Ovarian Mixed Epithelial Carcinoma"
"Cancer","Ovarian Mucinous Cystadenocarcinoma"
"Cancer","Ovarian Serous Cystadenocarcinoma"
"Cancer","Ovarian Stromal Cancer"
"Cancer","Ovarian Undifferentiated Adenocarcinoma"
"Cancer","Pancreas Cancer"
"Cancer","Pancreatic Cancer"
"Cancer","Papillary Thyroid Cancer"
"Cancer","Paranasal Sinus Cancer"
"Cancer","Penile Cancer"
"Cancer","Peripheral T-cell Lymphoma"
"Cancer","Peritoneal Carcinoma"
"Cancer","Peritoneal Cavity Cancer"
"Cancer","Peritoneal Primary Cancer"
"Cancer","Peritoneal Surface Malignancies"
"Cancer","Precancerous Condition"
"Cancer","Precursor B-Cell Lymphoblastic Leukemia-Lymphoma"
"Cancer","Previously Treated Childhood Rhabdomyosarcoma"
"Cancer","Previously Untreated Childhood Rhabdomyosarcoma"
"Cancer","Primary Central Nervous System Hodgkin Lymphoma"
"Cancer","Primary Central Nervous System Non-Hodgkin Lymphoma"
"Cancer","Primary Peritoneal Cancer"
"Cancer","Primary Peritoneal Carcinoma"
"Cancer","Primary Peritoneal Cavity Cancer"
"Cancer","Prolymphocytic Lymphoma"
"Cancer","Prostate Cancer"
"Cancer","Proximal Urethral Carcinoma"
"Cancer","Psychological Impact of Cancer"
"Cancer","Psychosocial Effects of Cancer and Its Treatment"
"Cancer","Rectal Cancer"
"Cancer","Recurrent Adrenocortical Carcinoma"
"Cancer","Recurrent Adult Acute Myeloid Leukemia"
"Cancer","Recurrent Adult Burkitt Lymphoma"
"Cancer","Recurrent Adult Diffuse Large Cell Lymphoma"
"Cancer","Recurrent Adult Diffuse Mixed Cell Lymphoma"
"Cancer","Recurrent Adult Diffuse Small Cleaved Cell Lymphoma"
"Cancer","Recurrent Adult Grade III Lymphomatoid Granulomatosis"
"Cancer","Recurrent Adult Hodgkin Lymphoma"
"Cancer","Recurrent Adult Immunoblastic Large Cell Lymphoma"
"Cancer","Recurrent Adult Lymphoblastic Lymphoma"
"Cancer","Recurrent Adult Soft Tissue Sarcoma"
"Cancer","Recurrent Adult T-cell Leukemia/Lymphoma"
"Cancer","Recurrent Bladder Carcinoma"
"Cancer","Recurrent Cervical Carcinoma"
"Cancer","Recurrent Childhood Acute Myeloid Leukemia"
"Cancer","Recurrent Childhood Anaplastic Large Cell Lymphoma"
"Cancer","Recurrent Childhood Gliosarcoma"
"Cancer","Recurrent Childhood Grade III Lymphomatoid Granulomatosis"
"Cancer","Recurrent Childhood Hodgkin Lymphoma"
"Cancer","Recurrent Childhood Large Cell Lymphoma"
"Cancer","Recurrent Childhood Liver Cancer"
"Cancer","Recurrent Childhood Lymphoblastic Lymphoma"
"Cancer","Recurrent Childhood Malignant Germ Cell Tumor"
"Cancer","Recurrent Childhood Rhabdomyosarcoma"
"Cancer","Recurrent Childhood Small Noncleaved Cell Lymphoma"
"Cancer","Recurrent Childhood Soft Tissue Sarcoma"
"Cancer","Recurrent Cutaneous T-cell Non-Hodgkin Lymphoma"
"Cancer","Recurrent Ewing Sarcoma/Peripheral Primitive"
"Cancer","Recurrent Ewing Sarcoma/Peripheral Primitive Neuroectodermal Tumor"
"Cancer","Recurrent Grade 1 Follicular Lymphoma"
"Cancer","Recurrent Grade 2 Follicular Lymphoma"
"Cancer","Recurrent Grade 3 Follicular Lymphoma"
"Cancer","Recurrent Grades 1-3 Follicular Lymphoma"
"Cancer","Recurrent Liposarcoma"
"Cancer","Recurrent Mantle Cell Lymphoma"
"Cancer","Recurrent Marginal Zone Lymphoma"
"Cancer","Recurrent Non-small Cell Lung Cancer"
"Cancer","Recurrent Osteosarcoma"
"Cancer","Recurrent Ovarian Cancer"
"Cancer","Recurrent Prostate Carcinoma"
"Cancer","Recurrent Small Cell Lung Cancer"
"Cancer","Recurrent Small Lymphocytic Lymphoma"
"Cancer","Recurrent Thyroid Cancer"
"Cancer","Recurrent Thyroid Gland Carcinoma"
"Cancer","Recurrent Urethra Carcinoma"
"Cancer","Recurrent Urothelial Carcinoma of the Renal Pelvis and Ureter"
"Cancer","Recurrent Uterine Corpus Carcinoma"
"Cancer","Recurrent or Persistent Endometrial Carcinoma"
"Cancer","Recurrent/Refractory Childhood Hodgkin Lymphoma"
"Cancer","Refractory Acute Myelogenous Leukemia"
"Cancer","Refractory Childhood Hodgkin Lymphoma"
"Cancer","Refractory Chronic Lymphocytic Leukemia"
"Cancer","Refractory Cutaneous T-cell Lymphoma"
"Cancer","Refractory Hairy Cell Leukemia"
"Cancer","Refractory Multiple Myeloma"
"Cancer","Regional Neuroblastoma"
"Cancer","Regional Urothelial Carcinoma of the Renal Pelvis and Ureter"
"Cancer","Relapsed Acute Myelogenous Leukemia"
"Cancer","Relapsed or Refractory Multiple Myeloma"
"Cancer","Relapsing Chronic Myelogenous Leukemia"
"Cancer","Renal Cell Carcinoma"
"Cancer","Salivary Gland Cancer"
"Cancer","Salivary Gland Squamous Cell Carcinoma"
"Cancer","Sarcoma"
"Cancer","Sclerosing Epithelioid Fibrosarcoma"
"Cancer","Secondary Acute Myeloid Leukemia"
"Cancer","Secondary Myelodysplastic Syndromes"
"Cancer","Secondary Myelofibrosis"
"Cancer","Skin Cancer"
"Cancer","Small Cell Lung Cancer"
"Cancer","Small Intestine Cancer"
"Cancer","Small Intestine Lymphoma"
"Cancer","Small Lymphocytic Lymphoma"
"Cancer","Splenic Marginal Zone Lymphoma"
"Cancer","Squamous Cell Carcinoma"
"Cancer","Squamous Cell Carcinoma of the Oral Cavity"
"Cancer","Squamous Cell Carcinoma of the Soft Palate"
"Cancer","Stage 0 Cervical Cancer"
"Cancer","Stage 4 Neuroblastoma"
"Cancer","Stage 4S Neuroblastoma"
"Cancer","Stage I Adrenocortical Carcinoma"
"Cancer","Stage I Adult Soft Tissue Sarcoma"
"Cancer","Stage I Childhood Hepatocellular Carcinoma"
"Cancer","Stage I Childhood Hodgkin Lymphoma"
"Cancer","Stage I Multiple Myeloma"
"Cancer","Stage I Ovarian Cancer"
"Cancer","Stage I Prostate Cancer"
"Cancer","Stage I Renal Cell Cancer"
"Cancer","Stage I Vulvar Cancer"
"Cancer","Stage IA Breast Cancer"
"Cancer","Stage IA Cervical Cancer"
"Cancer","Stage IA Fallopian Tube Cancer"
"Cancer","Stage IA Uterine Corpus Cancer"
"Cancer","Stage IA Vulvar Cancer"
"Cancer","Stage IB Breast Cancer"
"Cancer","Stage IB Cervical Cancer"
"Cancer","Stage IB Fallopian Tube Cancer"
"Cancer","Stage IB Non-Small Cell Lung Carcinoma"
"Cancer","Stage IB Soft Tissue Sarcoma"
"Cancer","Stage IB Uterine Corpus Cancer"
"Cancer","Stage IB Vulvar Cancer"
"Cancer","Stage IC Fallopian Tube Cancer"
"Cancer","Stage II Adrenocortical Carcinoma"
"Cancer","Stage II Adult Soft Tissue Sarcoma"
"Cancer","Stage II Adult T-Cell Leukemia/Lymphoma"
"Cancer","Stage II Childhood Hepatocellular Carcinoma"
"Cancer","Stage II Malignant Testicular Germ Cell Tumor"
"Cancer","Stage II Multiple Myeloma"
"Cancer","Stage II Ovarian Cancer"
"Cancer","Stage II Renal Cell Cancer"
"Cancer","Stage II Renal Wilms Tumor"
"Cancer","Stage II Uterine Corpus Cancer"
"Cancer","Stage II Vulvar Cancer"
"Cancer","Stage II Wilms Tumor"
"Cancer","Stage IIA Breast Cancer"
"Cancer","Stage IIA Cervical Cancer"
"Cancer","Stage IIA Fallopian Tube Cancer"
"Cancer","Stage IIA Non-Small Cell Lung Carcinoma"
"Cancer","Stage IIA Ovarian Cancer"
"Cancer","Stage IIA Prostate Cancer"
"Cancer","Stage IIB Breast Cancer"
"Cancer","Stage IIB Cervical Cancer"
"Cancer","Stage IIB Fallopian Tube Cancer"
"Cancer","Stage IIB Non-Small Cell Lung Carcinoma"
"Cancer","Stage IIB Ovarian Cancer"
"Cancer","Stage IIB Prostate Cancer"
"Cancer","Stage IIB Soft Tissue Sarcoma"
"Cancer","Stage IIC Fallopian Tube Cancer"
"Cancer","Stage IIC Ovarian Cancer"
"Cancer","Stage III Adrenocortical Carcinoma"
"Cancer","Stage III Adult Lymphoblastic Lymphoma"
"Cancer","Stage III Adult Soft Tissue Sarcoma"
"Cancer","Stage III Adult T-Cell Leukemia/Lymphoma"
"Cancer","Stage III Cervical Cancer"
"Cancer","Stage III Childhood Anaplastic Large Cell Lymphoma"
"Cancer","Stage III Childhood Hepatocellular Carcinoma"
"Cancer","Stage III Childhood Hodgkin Lymphoma"
"Cancer","Stage III Childhood Lymphoblastic Lymphoma"
"Cancer","Stage III Laryngeal Squamous Cell Carcinoma"
"Cancer","Stage III Lip and Oral Cavity Squamous Cell Carcinoma"
"Cancer","Stage III Malignant Testicular Germ Cell Tumor"
"Cancer","Stage III Multiple Myeloma"
"Cancer","Stage III Nasal Cavity and Paranasal Sinus Squamous Cell Carcinoma"
"Cancer","Stage III Oropharyngeal Squamous Cell Carcinoma"
"Cancer","Stage III Ovarian Cancer"
"Cancer","Stage III Ovarian Epithelial Cancer"
"Cancer","Stage III Primary Peritoneal Cancer"
"Cancer","Stage III Renal Cell Cancer"
"Cancer","Stage III Soft Tissue Sarcoma"
"Cancer","Stage III Vulvar Cancer"
"Cancer","Stage IIIA Breast Cancer"
"Cancer","Stage IIIA Non-Small Cell Lung Cancer"
"Cancer","Stage IIIA Ovarian Cancer"
"Cancer","Stage IIIA Primary Peritoneal Cancer"
"Cancer","Stage IIIA Uterine Corpus Cancer"
"Cancer","Stage IIIA Vulvar Cancer"
"Cancer","Stage IIIB Breast Cancer"
"Cancer","Stage IIIB Fallopian Tube Cancer"
"Cancer","Stage IIIB Non-Small Cell Lung Cancer"
"Cancer","Stage IIIB Non-small Cell Lung Cancer"
"Cancer","Stage IIIB Ovarian Cancer"
"Cancer","Stage IIIB Primary Peritoneal Cancer"
"Cancer","Stage IIIB Uterine Corpus Cancer"
"Cancer","Stage IIIB Vulvar Cancer"
"Cancer","Stage IIIC Breast Cancer"
"Cancer","Stage IIIC Fallopian Tube Cancer"
"Cancer","Stage IIIC Ovarian Cancer"
"Cancer","Stage IIIC Primary Peritoneal Cancer"
"Cancer","Stage IIIC Vulvar Cancer"
"Cancer","Stage IIIC1 Uterine Corpus Cancer"
"Cancer","Stage IIIC2 Uterine Corpus Cancer"
"Cancer","Stage IV Adrenocortical Carcinoma"
"Cancer","Stage IV Adult Lymphoblastic Lymphoma"
"Cancer","Stage IV Adult Soft Tissue Sarcoma"
"Cancer","Stage IV Adult T-Cell Leukemia/Lymphoma"
"Cancer","Stage IV Bladder Cancer"
"Cancer","Stage IV Childhood Anaplastic Large Cell Lymphoma"
"Cancer","Stage IV Childhood Hepatocellular Carcinoma"
"Cancer","Stage IV Childhood Hodgkin Lymphoma"
"Cancer","Stage IV Childhood Lymphoblastic Lymphoma"
"Cancer","Stage IV Fallopian Tube Cancer"
"Cancer","Stage IV Non-Small Cell Lung Cancer"
"Cancer","Stage IV Non-small Cell Lung Cancer"
"Cancer","Stage IV Ovarian Cancer"
"Cancer","Stage IV Ovarian Epithelial Cancer"
"Cancer","Stage IV Primary Peritoneal Cancer"
"Cancer","Stage IV Prostate Cancer"
"Cancer","Stage IV Renal Cell Cancer"
"Cancer","Stage IV Skin Melanoma"
"Cancer","Stage IV Soft Tissue Sarcoma"
"Cancer","Stage IV Urethral Cancer"
"Cancer","Stage IVA Cervical Cancer"
"Cancer","Stage IVA Laryngeal Squamous Cell Carcinoma"
"Cancer","Stage IVA Lip and Oral Cavity Squamous Cell Carcinoma"
"Cancer","Stage IVA Nasal Cavity and Paranasal Sinus Squamous Cell Carcinoma"
"Cancer","Stage IVA Oropharyngeal Squamous Cell Carcinoma"
"Cancer","Stage IVA Uterine Corpus Cancer"
"Cancer","Stage IVA Vulvar Cancer"
"Cancer","Stage IVB Cervical Cancer"
"Cancer","Stage IVB Laryngeal Squamous Cell Carcinoma"
"Cancer","Stage IVB Lip and Oral Cavity Squamous Cell Carcinoma"
"Cancer","Stage IVB Nasal Cavity and Paranasal Sinus Squamous Cell Carcinoma"
"Cancer","Stage IVB Oropharyngeal Squamous Cell Carcinoma"
"Cancer","Stage IVB Uterine Corpus Cancer"
"Cancer","Stage IVB Vulvar Cancer"
"Cancer","Stage IVC Laryngeal Squamous Cell Carcinoma"
"Cancer","Stage IVC Lip and Oral Cavity Squamous Cell Carcinoma"
"Cancer","Stage IVC Nasal Cavity and Paranasal Sinus Squamous Cell Carcinoma"
"Cancer","Stage IVC Oropharyngeal Squamous Cell Carcinoma"
"Cancer","Surgically Unresectable Liposarcoma"
"Cancer","Synovial Sarcoma"
"Cancer","Testicular Cancer"
"Cancer","Testicular Choriocarcinoma and Yolk Sac Tumor"
"Cancer","Testicular Embryonal Carcinoma"
"Cancer","Testicular Lymphoma"
"Cancer","Thymus Cancer"
"Cancer","Thyroid Cancer"
"Cancer","Thyroid Gland Medullary Carcinoma"
"Cancer","Tonsillar Squamous Cell Carcinoma"
"Cancer","Transitional Cell Cancer of the Renal Pelvis and Ureter"
"Cancer","Transitional Cell Carcinoma of Bladder"
"Cancer","Undifferentiated Ovarian Carcinoma"
"Cancer","Untreated Adult Acute Myeloid Leukemia"
"Cancer","Untreated Childhood Acute Lymphoblastic Leukemia"
"Cancer","Untreated Childhood Acute Myeloid Leukemia and Other Myeloid Malignancies"
"Cancer","Untreated Childhood Gliosarcoma"
"Cancer","Untreated Childhood Myeloid Neoplasm"
"Cancer","Untreated Childhood Rhabdomyosarcoma"
"Cancer","Ureter Cancer"
"Cancer","Ureter Carcinoma"
"Cancer","Urethra Cancer"
"Cancer","Urethral Cancer"
"Cancer","Urothelial Carcinoma"
"Cancer","Uterine Cancer"
"Cancer","Uterine Endometrial Cancer"
"Cancer","Vaginal Cancer"
"Cancer","Vulvar Cancer"
"Cancer","Vulvar Squamous Cell Carcinoma"
"Cancer","de Novo Myelodysplastic Syndromes"
"Dentistry","Adult Periodontitis"
"Dentistry","Chronic Periodontitis"
"Dentistry","Dental Plaque"
"Dentistry","Persistent Tooth Pain"
"Dentistry","Post-operative Tooth Pain"
"Dentistry","Tooth Loss"
"Diabetes & Hormones","Anaplastic Thyroid Cancer"
"Diabetes & Hormones","Canakinumab in Type 1 Diabetes"
"Diabetes & Hormones","Cystic Fibrosis Related Diabetes"
"Diabetes & Hormones","Diabetes"
"Diabetes & Hormones","Diabetes Mellitus"
"Diabetes & Hormones","Diabetes Mellitus, Experimental"
"Diabetes & Hormones","Diabetes Mellitus, Insulin-Dependent"
"Diabetes & Hormones","Diabetes Mellitus, Type 1"
"Diabetes & Hormones","Diabetes Mellitus, Type 2"
"Diabetes & Hormones","Diabetes Type 2"
"Diabetes & Hormones","Diabetes, Type I"
"Diabetes & Hormones","Diabetic"
"Diabetes & Hormones","Diabetic Ketoacidosis"
"Diabetes & Hormones","Diabetic Macular Edema"
"Diabetes & Hormones","Diabetic Nephropathies"
"Diabetes & Hormones","Diabetic Retinopathy"
"Diabetes & Hormones","Focus Type 2 Diabetes Related Chronic Kidney Disease"
"Diabetes & Hormones","High Insulin Requirements"
"Diabetes & Hormones","Hyperglycemia"
"Diabetes & Hormones","Hyperglycemia in Pregnant Diabetic Patients"
"Diabetes & Hormones","Hyperinsulinemic Hypoglycemia"
"Diabetes & Hormones","Insulin Resistance"
"Diabetes & Hormones","Juvenile Diabetes"
"Diabetes & Hormones","Labile Diabetes"
"Diabetes & Hormones","New-onset Type 1 Diabetes Mellitus"
"Diabetes & Hormones","Newly Diagnosed Type 1 Diabetes"
"Diabetes & Hormones","Non-diabetic Relatives at Risk for Type 1 Diabetes"
"Diabetes & Hormones","Papillary Thyroid Cancer"
"Diabetes & Hormones","Prediabetes"
"Diabetes & Hormones","Preservation of Insulin Secretion"
"Diabetes & Hormones","Primary Hyperparathyroidism"
"Diabetes & Hormones","Proliferative Diabetic Retinopathy"
"Diabetes & Hormones","Recurrent Thyroid Cancer"
"Diabetes & Hormones","Recurrent Thyroid Gland Carcinoma"
"Diabetes & Hormones","Thyroid Cancer"
"Diabetes & Hormones","Thyroid Gland Medullary Carcinoma"
"Diabetes & Hormones","Type 1 Diabetes"
"Diabetes & Hormones","Type 1 Diabetes Mellitus"
"Diabetes & Hormones","Type 2 Diabetes"
"Diabetes & Hormones","Type 2 Diabetes Mellitus"
"Digestive Systems & Liver Disease","Acute Alcoholic Hepatitis"
"Digestive Systems & Liver Disease","Acute Liver Failure"
"Digestive Systems & Liver Disease","Advanced or Metastatic Solid Tumors in Patients With Hepatic Impairment"
"Digestive Systems & Liver Disease","Autoimmune Hepatitis"
"Digestive Systems & Liver Disease","Childhood Hepatoblastoma"
"Digestive Systems & Liver Disease","Childhood Hepatocellular Carcinoma"
"Digestive Systems & Liver Disease","Crohn's Disease"
"Digestive Systems & Liver Disease","Fulminant Hepatic Failure"
"Digestive Systems & Liver Disease","Hepatic Veno-Occlusive Disease"
"Digestive Systems & Liver Disease","Hepatitis B"
"Digestive Systems & Liver Disease","Hepatitis C"
"Digestive Systems & Liver Disease","Hepatoblastoma"
"Digestive Systems & Liver Disease","Hepatocellular Cancer"
"Digestive Systems & Liver Disease","Hepatocellular Carcinoma"
"Digestive Systems & Liver Disease","Hepatorenal Syndrome"
"Digestive Systems & Liver Disease","Hepatorenal Syndrome Type 1"
"Digestive Systems & Liver Disease","Hepatosplenic T-cell Lymphoma"
"Digestive Systems & Liver Disease","Liver Cancer"
"Digestive Systems & Liver Disease","Liver Decompensation"
"Digestive Systems & Liver Disease","Liver Dysfunction"
"Digestive Systems & Liver Disease","Liver Transplantation"
"Digestive Systems & Liver Disease","Recurrent Childhood Liver Cancer"
"Digestive Systems & Liver Disease","Severe Acute Alcoholic Hepatitis"
"Digestive Systems & Liver Disease","Stage I Childhood Hepatocellular Carcinoma"
"Digestive Systems & Liver Disease","Stage II Childhood Hepatocellular Carcinoma"
"Digestive Systems & Liver Disease","Stage III Childhood Hepatocellular Carcinoma"
"Digestive Systems & Liver Disease","Stage IV Childhood Hepatocellular Carcinoma"
"Digestive Systems & Liver Disease","Surgically-Induced Liver Failure"
"Digestive Systems & Liver Disease","Transplantation, Liver"
"Digestive Systems & Liver Disease","Ulcerative Colitis"
"Hearing/Ears","Hearing Loss"
"Heart & Vascular","Acute Coronary Syndrome"
"Heart & Vascular","Acute Decompensated Heart Failure"
"Heart & Vascular","Acute Decompensated Heart Failure (ADHF)"
"Heart & Vascular","Advanced Heart Failure"
"Heart & Vascular","Anticoagulation"
"Heart & Vascular","Arrhythmia"
"Heart & Vascular","Atherosclerosis"
"Heart & Vascular","Atrial Fibrillation"
"Heart & Vascular","Atrial Flutter"
"Heart & Vascular","Cardiac Allograft Vasculopathy"
"Heart & Vascular","Cardiac Failure"
"Heart & Vascular","Cardiac MRI <40"
"Heart & Vascular","Cardiac Surgery"
"Heart & Vascular","Cardiac Toxicity"
"Heart & Vascular","Cardiomyopathies"
"Heart & Vascular","Cardiomyopathy"
"Heart & Vascular","Cardiopulmonary Bypass"
"Heart & Vascular","Cardiovascular Complication"
"Heart & Vascular","Cardiovascular Disease"
"Heart & Vascular","Cardiovascular Diseases"
"Heart & Vascular","Carotid Artery Disease"
"Heart & Vascular","Carotid Stenosis"
"Heart & Vascular","Chronic Heart Failure"
"Heart & Vascular","Congenital Heart Disease"
"Heart & Vascular","Congestive Heart Failure"
"Heart & Vascular","Coronary Artery Disease"
"Heart & Vascular","Coronary Disease"
"Heart & Vascular","Critical Limb Ischemia"
"Heart & Vascular","Damaged Mitral Valve"
"Heart & Vascular","Dyslipidemia"
"Heart & Vascular","End-Stage Heart Failure"
"Heart & Vascular","End-stage Heart Failure"
"Heart & Vascular","Gestational Hypertension"
"Heart & Vascular","Heart Disease"
"Heart & Vascular","Heart Diseases"
"Heart & Vascular","Heart Failure"
"Heart & Vascular","Heart Failure With Left Bundle Branch Block"
"Heart & Vascular","Heart Failure, Congestive"
"Heart & Vascular","Heart Transplantation"
"Heart & Vascular","HeartMate II Pump Thrombosis"
"Heart & Vascular","Hypercholesterolemia"
"Heart & Vascular","Hyperlipidemia"
"Heart & Vascular","Hypertension"
"Heart & Vascular","Intermittent Claudication"
"Heart & Vascular","Left Ventricular (LV) Systolic Dysfunction"
"Heart & Vascular","Left Ventricular Assist Device"
"Heart & Vascular","Left Ventricular Dysfunction"
"Heart & Vascular","Left Ventrucular Assist Device"
"Heart & Vascular","Malfunctioning Mitral Heart Valve"
"Heart & Vascular","Membranous Ventricular Septal Defects"
"Heart & Vascular","Mitral Valve Disease"
"Heart & Vascular","Mitral Valve Replacement"
"Heart & Vascular","Percutaneous Coronary Intervention"
"Heart & Vascular","Peripheral Arterial Disease"
"Heart & Vascular","Peripheral Artery Disease"
"Heart & Vascular","Peripheral Vascular Diseases"
"Heart & Vascular","Right Ventricular Failure"
"Heart & Vascular","Systolic Heart Failure"
"Heart & Vascular","Tachycardia, Ventricular"
"Heart & Vascular","Ventricular"
"Heart & Vascular","Ventricular Dysfunction"
"Heart & Vascular","Ventricular Fibrillation"
"Heart & Vascular","Ventricular Septal Defects"
"Infectious Diseases & Immune System","AIDS Dementia Complex"
"Infectious Diseases & Immune System","Cytomegaloviral Infection"
"Infectious Diseases & Immune System","Cytomegalovirus"
"Infectious Diseases & Immune System","Cytomegalovirus Infection"
"Infectious Diseases & Immune System","Cytomegalovirus Infections"
"Infectious Diseases & Immune System","Cytomegalovirus Infections/Complications"
"Infectious Diseases & Immune System","Discoid Lupus"
"Infectious Diseases & Immune System","Epstein-Barr Virus Infections/Complications"
"Infectious Diseases & Immune System","Fungal Infection"
"Infectious Diseases & Immune System","HIV"
"Infectious Diseases & Immune System","HIV Infection"
"Infectious Diseases & Immune System","HIV Infections"
"Infectious Diseases & Immune System","Human Herpes Virus Type 6 (HHV6)"
"Infectious Diseases & Immune System","Human Immunodeficiency Virus"
"Infectious Diseases & Immune System","Human Papilloma Virus Infection"
"Infectious Diseases & Immune System","Infection"
"Infectious Diseases & Immune System","Infectious Mononucleosis"
"Infectious Diseases & Immune System","Influenza"
"Infectious Diseases & Immune System","Invasive Fungal Infections"
"Infectious Diseases & Immune System","Kidney Transplantation Cytomegalovirus (CMV) Negative Recipients"
"Infectious Diseases & Immune System","Lung Infection"
"Infectious Diseases & Immune System","MRSA Infection of Postoperative Wound"
"Infectious Diseases & Immune System","Mycobacterium Avium-intracellulare Infection"
"Infectious Diseases & Immune System","Novel Influenza A"
"Infectious Diseases & Immune System","Parainfluenza"
"Infectious Diseases & Immune System","Post-Transplant Infections"
"Infectious Diseases & Immune System","Respiratory Syncytial Virus Infections"
"Infectious Diseases & Immune System","Systemic Lupus Erythematosus"
"Infectious Diseases & Immune System","Ulcerative Colitis"
"Infectious Diseases & Immune System","Urinary Tract Infection"
"Infectious Diseases & Immune System","Urinary Tract Infections"
"Infectious Diseases & Immune System","Wound Infection"
"Infectious Diseases & Immune System","Wound Infection Due to Staphylococcus Aureus"
"Kidney & Urinary System","Chronic Kidney Disease"
"Kidney & Urinary System","Chronic Kidney Failure"
"Kidney & Urinary System","Chronic Renal Insufficiency"
"Kidney & Urinary System","Clear Cell Renal Carcinoma"
"Kidney & Urinary System","Clear Cell Renal Cell Carcinoma"
"Kidney & Urinary System","Clear Cell Sarcoma of the Kidney"
"Kidney & Urinary System","End Stage Renal Disease"
"Kidney & Urinary System","End-stage Renal Disease"
"Kidney & Urinary System","FSGS"
"Kidney & Urinary System","Focal Segmental Glomerulosclerosis"
"Kidney & Urinary System","Focus Chronic Kidney Disease With Hypertension"
"Kidney & Urinary System","Focus Type 2 Diabetes Related Chronic Kidney Disease"
"Kidney & Urinary System","Functional Urinary Incontinence"
"Kidney & Urinary System","Glomerulosclerosis"
"Kidney & Urinary System","Kidney Calculi"
"Kidney & Urinary System","Kidney Cancer"
"Kidney & Urinary System","Kidney Disease"
"Kidney & Urinary System","Kidney Diseases"
"Kidney & Urinary System","Kidney Donation"
"Kidney & Urinary System","Kidney Failure"
"Kidney & Urinary System","Kidney Graft Dysfunction"
"Kidney & Urinary System","Kidney Neoplasms"
"Kidney & Urinary System","Kidney Transplant"
"Kidney & Urinary System","Kidney Transplantation"
"Kidney & Urinary System","Kidney Transplantation Cytomegalovirus (CMV) Negative Recipients"
"Kidney & Urinary System","Peripheral Primitive Neuroectodermal Tumor of the Kidney"
"Kidney & Urinary System","Recurrent Urothelial Carcinoma of the Renal Pelvis and Ureter"
"Kidney & Urinary System","Recurrent Wilms Tumor and Other Childhood Kidney Tumors"
"Kidney & Urinary System","Regional Urothelial Carcinoma of the Renal Pelvis and Ureter"
"Kidney & Urinary System","Renal Cell Carcinoma"
"Kidney & Urinary System","Renal Transplant Recipients"
"Kidney & Urinary System","Renal Transplantation"
"Kidney & Urinary System","Rhabdoid Tumor of the Kidney"
"Kidney & Urinary System","Stage I Renal Cell Cancer"
"Kidney & Urinary System","Stage I Renal Wilms Tumor"
"Kidney & Urinary System","Stage II Renal Cell Cancer"
"Kidney & Urinary System","Stage II Renal Wilms Tumor"
"Kidney & Urinary System","Stage III Renal Cell Cancer"
"Kidney & Urinary System","Stage III Renal Wilms Tumor"
"Kidney & Urinary System","Stage IV Renal Cell Cancer"
"Kidney & Urinary System","Stage IV Renal Wilms Tumor"
"Kidney & Urinary System","Stage V Renal Wilms Tumor"
"Kidney & Urinary System","Transitional Cell Cancer of the Renal Pelvis and Ureter"
"Kidney & Urinary System","Transplant Recipient (Kidney)"
"Kidney & Urinary System","Urea Cycle Disorder"
"Kidney & Urinary System","Urea Cycle Disorders"
"Kidney & Urinary System","Ureter Cancer"
"Kidney & Urinary System","Ureter Carcinoma"
"Kidney & Urinary System","Ureteral Calculi"
"Kidney & Urinary System","Ureteral Stent Discomfort"
"Kidney & Urinary System","Urethra Cancer"
"Kidney & Urinary System","Urethral Cancer"
"Kidney & Urinary System","Urinary Catheterization"
"Kidney & Urinary System","Urinary Tract Infection"
"Kidney & Urinary System","Urinary Tract Infections"
"Kidney & Urinary System","Urothelial Carcinoma"
"Kidney & Urinary System","Uterine Cancer"
"Kidney & Urinary System","Uterine Cervical Dysplasia"
"Kidney & Urinary System","Uterine Endometrial Cancer"
"Lung Disease & Asthma","Adenocarcinoma of the Lung"
"Lung Disease & Asthma","Adenosquamous Cell Lung Cancer"
"Lung Disease & Asthma","Asthma"
"Lung Disease & Asthma","Bronchoalveolar Cell Lung Cancer"
"Lung Disease & Asthma","Carcinoma Non-small Cell Lung Cancer Stage IIIA"
"Lung Disease & Asthma","Carcinoma Non-small Cell Lung Cancer Stage IIIB"
"Lung Disease & Asthma","Carcinoma Non-small Cell Lung Cancer Stage IV"
"Lung Disease & Asthma","Carcinoma, Non-Small Cell Lung"
"Lung Disease & Asthma","Carcinoma, Non-Small-Cell Lung"
"Lung Disease & Asthma","Chronic Obstructive Lung Disease"
"Lung Disease & Asthma","Emphysema"
"Lung Disease & Asthma","Extensive Stage Small Cell Lung Cancer"
"Lung Disease & Asthma","Interstitial Lung Disease"
"Lung Disease & Asthma","Lung Cancer"
"Lung Disease & Asthma","Lung Diseases"
"Lung Disease & Asthma","Lung Diseases, Interstitial"
"Lung Disease & Asthma","Lung Diseases, Obstructive"
"Lung Disease & Asthma","Lung Infection"
"Lung Disease & Asthma","Lung Neoplasm"
"Lung Disease & Asthma","Lung Preservation"
"Lung Disease & Asthma","Lung Transplant"
"Lung Disease & Asthma","Metastatic Malignant Neoplasm in the Lung"
"Lung Disease & Asthma","Metastatic Malignant Neoplasm to the Lung"
"Lung Disease & Asthma","Non Small Cell Lung Cancer"
"Lung Disease & Asthma","Non Small Cell Lung Carcinoma"
"Lung Disease & Asthma","Non-small Cell Lung Cancer"
"Lung Disease & Asthma","Recurrent Non-small Cell Lung Cancer"
"Lung Disease & Asthma","Recurrent Small Cell Lung Cancer"
"Lung Disease & Asthma","Small Cell Lung Cancer"
"Lung Disease & Asthma","Stage IB Non-Small Cell Lung Carcinoma"
"Lung Disease & Asthma","Stage IIA Non-Small Cell Lung Carcinoma"
"Lung Disease & Asthma","Stage IIB Non-Small Cell Lung Carcinoma"
"Lung Disease & Asthma","Stage IIIA Non-Small Cell Lung Cancer"
"Lung Disease & Asthma","Stage IIIB Non-Small Cell Lung Cancer"
"Lung Disease & Asthma","Stage IIIB Non-small Cell Lung Cancer"
"Lung Disease & Asthma","Stage IV Non-Small Cell Lung Cancer"
"Lung Disease & Asthma","Stage IV Non-small Cell Lung Cancer"
"Mental Health","ADHD"
"Mental Health","Adolescent Depression"
"Mental Health","Anorexia"
"Mental Health","Anxiety"
"Mental Health","Anxiety Disorders"
"Mental Health","Auditory Hallucinations"
"Mental Health","Autism Spectrum Disorder"
"Mental Health","Binge Eating Disorder"
"Mental Health","Bipolar Depression"
"Mental Health","Bipolar Disorder"
"Mental Health","Borderline Personality Disorder"
"Mental Health","Depression"
"Mental Health","Eating Disorders"
"Mental Health","Gambling"
"Mental Health","Generalized Anxiety"
"Mental Health","Kleptomania"
"Mental Health","Major Depressive Disorder"
"Mental Health","Major Depressive Disorder (MDD)"
"Mental Health","Mental Disorders"
"Mental Health","Obsessive-Compulsive Disorder"
"Mental Health","PostPartum Depression"
"Mental Health","Postpartum Depression"
"Mental Health","Schizoaffective Disorder"
"Mental Health","Schizoaffective Disorders"
"Mental Health","Schizophrenia"
"Mental Health","Schizophreniform Disorders"
"Mental Health","Social Anxiety Disorder"
"Mental Health","Social Phobia"
"Muscle & Bone","Becker Muscular Dystrophy"
"Muscle & Bone","Bone Diseases"
"Muscle & Bone","Duchenne Muscular Dystrophy"
"Muscle & Bone","Duchenne Muscular Dystrophy (DMD)"
"Muscle & Bone","Facioscapulohumeral Muscular Dystrophy"
"Muscle & Bone","Juvenile Idiopathic Arthritis"
"Muscle & Bone","Juvenile Rheumatoid Arthritis"
"Muscle & Bone","Muscular"
"Muscle & Bone","Muscular Diseases"
"Muscle & Bone","Muscular Disorders, Atrophic"
"Muscle & Bone","Muscular Dystrophies"
"Muscle & Bone","Muscular Dystrophy, Duchenne"
"Muscle & Bone","Musculoskeletal Diseases"
"Muscle & Bone","Neuromuscular Disability"
"Muscle & Bone","Neuromuscular Diseases"
"Muscle & Bone","Osteoarthritis of the Knee"
"Muscle & Bone","Osteoarthritis, Knee"
"Muscle & Bone","Osteonecrosis"
"Muscle & Bone","Osteopenia"
"Muscle & Bone","Osteopetrosis"
"Muscle & Bone","Osteoporosis"
"Muscle & Bone","Rheumatoid Arthritis"
"Muscle & Bone","Scoliosis"
"Muscle & Bone","Severe Osteopetrosis"
"Muscle & Bone","Spinal Muscular Dystrophy"
"Neurology","Adult Neurofibrosarcoma"
"Neurology","Adult Supratentorial Primitive Neuroectodermal Tumor (PNET)"
"Neurology","Alcohol Related Neurodevelopmental Disorder"
"Neurology","Brain Diseases, Metabolic, Inborn"
"Neurology","Brain Neoplasm"
"Neurology","Brain Neoplasms, Malignant"
"Neurology","Brain Tumor"
"Neurology","Brain Tumors"
"Neurology","Brain and Central Nervous System Tumors"
"Neurology","Cancer of Brain"
"Neurology","Cancer of the Brain"
"Neurology","Cervical Intraepithelial Neoplasia Grade 1"
"Neurology","Cervicogenic Headache"
"Neurology","Chemotherapy-induced Peripheral Neuropathy"
"Neurology","Childhood Neurofibrosarcoma"
"Neurology","Childhood Supratentorial Primitive Neuroectodermal Tumor"
"Neurology","Chronic Inflammatory Demyelinating Polyradiculoneuropathy"
"Neurology","Disseminated Neuroblastoma"
"Neurology","Dystonia, Focal, Task-specific"
"Neurology","Extraosseous Ewing Sarcoma/Peripheral Primitive Neuroectodermal Tumor"
"Neurology","Focal Dystonia"
"Neurology","Focus: to Assess the Status of Brain-derived Neurotrophic Factor Brain (BDNF) and How the Brain Behaves in Response to Skill Acquisition."
"Neurology","Friedreich Ataxia"
"Neurology","Ganglioneuroblastoma"
"Neurology","Idiopathic Parkinson's Disease"
"Neurology","Localized Ewing Sarcoma/Peripheral Primitive Neuroectodermal Tumor"
"Neurology","Localized Resectable Neuroblastoma"
"Neurology","Localized Unresectable Neuroblastoma"
"Neurology","Malignant Primary Brain Tumors"
"Neurology","Metastatic Ewing Sarcoma/Peripheral Primitive Neuroectodermal Tumor"
"Neurology","Metastatic Peripheral Primitive Neuroectodermal Tumor of Bone"
"Neurology","Migraines"
"Neurology","Multiple Sclerosis"
"Neurology","Multiple Sclerosis, Relapsing-Remitting"
"Neurology","Muscular Dystrophies"
"Neurology","Muscular Dystrophy, Duchenne"
"Neurology","Neuroblastoma"
"Neurology","Neuroectodermal Tumor"
"Neurology","Neurofibromatosis 1"
"Neurology","Neurofibromatosis Type 1"
"Neurology","Neuromuscular Disability"
"Neurology","Neuromuscular Diseases"
"Neurology","Neuropathic Pain"
"Neurology","Neurotic Disorders"
"Neurology","Neurotoxicity"
"Neurology","Non-arteritic Anterior Ischemic Optic Neuropathy"
"Neurology","Nonarteritic Anterior Ischemic Optic Neuropathy"
"Neurology","Parkinson Disease"
"Neurology","Parkinson's Disease"
"Neurology","Peripheral Primitive Neuroectodermal Tumor of Soft Tissues"
"Neurology","Peripheral Primitive Neuroectodermal Tumor of the Kidney"
"Neurology","Recurrent Childhood Brain Stem Glioma"
"Neurology","Recurrent Childhood Supratentorial Primitive Neuroectodermal Tumor"
"Neurology","Recurrent Ewing Sarcoma/Peripheral Primitive Neuroectodermal Tumor"
"Neurology","Recurrent Neuroblastoma"
"Neurology","Regional Neuroblastoma"
"Neurology","Relapsed Neuroblastoma"
"Neurology","Spinocerebellar Ataxia Type 1"
"Neurology","Spinocerebellar Ataxia Type 2"
"Neurology","Spinocerebellar Ataxia Type 3"
"Neurology","Spinocerebellar Ataxia Type 6"
"Neurology","Stage 4 Neuroblastoma"
"Neurology","Stage 4S Neuroblastoma"
"Neurology","Tension-type Headache"
"Neurology","Tumors Metastatic to Brain"
"Neurology","Untreated Childhood Brain Stem Glioma"
"Neurology","Untreated Childhood Supratentorial Primitive Neuroectodermal Tumor"
"Prevention","Idiopathic Rapid Eye Movement Sleep Disorder"
"Prevention","Obstructive Sleep Apnea"
"Prevention","Overweight"
"Prevention","Overweight and Obesity"
"Prevention","Overweight or Obese Subjects"
"Prevention","Poor Quality Sleep"
"Prevention","Sit-Stand Workstations"
"Prevention","Sleep Quality"
"Prevention","Smoking"
"Prevention","Smoking Cessation"
"Prevention","Smoking, Tobacco"
"Prevention","Tobacco Cessation"
"Prevention","Tobacco Use Cessation"
"Prevention","Vitamin D Deficiency"
"Prevention","Weight Loss"
"Vision & Eyes","Extraocular Retinoblastoma"
"Vision & Eyes","Idiopathic Rapid Eye Movement Sleep Disorder"
"Vision & Eyes","Intraocular Lymphoma"
"Vision & Eyes","Intraocular Retinoblastoma"
"Vision & Eyes","Open-Angle Glaucoma"
"Women's Health","Breast Adenocarcinoma"
"Women's Health","Breast Augmentation"
"Women's Health","Breast Cancer"
"Women's Health","Breast Neoplasms"
"Women's Health","Breast Reconstruction"
"Women's Health","Breast Tumors"
"Women's Health","Cervical Adenocarcinoma"
"Women's Health","Cervical Adenosquamous Carcinoma"
"Women's Health","Cervical Cancer"
"Women's Health","Cervical Dystonia"
"Women's Health","Cervical Intraepithelial Neoplasia Grade 1"
"Women's Health","Cervical Intraepithelial Neoplasia Grade 2"
"Women's Health","Cervical Intraepithelial Neoplasia Grade 3"
"Women's Health","Cervical Ripening"
"Women's Health","Cervical Squamous Cell Carcinoma"
"Women's Health","Cervicogenic Headache"
"Women's Health","Childhood Malignant Ovarian Germ Cell Tumor"
"Women's Health","Female Pattern Baldness"
"Women's Health","HER2 Positive Breast Carcinoma"
"Women's Health","Hereditary Breast/Ovarian Cancer (brca1, brca2)"
"Women's Health","Hyperglycemia in Pregnant Diabetic Patients"
"Women's Health","Locally Recurrent Breast Cancer"
"Women's Health","Malignant Ovarian Mixed Epithelial Tumor"
"Women's Health","Menopausal Symptoms"
"Women's Health","Menopause"
"Women's Health","Metastatic Breast Cancer"
"Women's Health","Ovarian Brenner Tumor"
"Women's Health","Ovarian Cancer"
"Women's Health","Ovarian Clear Cell Cystadenocarcinoma"
"Women's Health","Ovarian Embryonal Carcinoma"
"Women's Health","Ovarian Endometrioid Adenocarcinoma"
"Women's Health","Ovarian Mixed Epithelial Carcinoma"
"Women's Health","Ovarian Mucinous Cystadenocarcinoma"
"Women's Health","Ovarian Neoplasm"
"Women's Health","Ovarian Neoplasms"
"Women's Health","Ovarian Serous Cystadenocarcinoma"
"Women's Health","Ovarian Stromal Cancer"
"Women's Health","Ovarian Undifferentiated Adenocarcinoma"
"Women's Health","Ovarian Yolk Sac Tumor"
"Women's Health","Overweight"
"Women's Health","Overweight and Obesity"
"Women's Health","PostPartum Depression"
"Women's Health","Postpartum Depression"
"Women's Health","Pregnancy"
"Women's Health","Recurrent Cervical Carcinoma"
"Women's Health","Recurrent Ovarian Cancer"
"Women's Health","Stage 0 Cervical Cancer"
"Women's Health","Stage I Ovarian Cancer"
"Women's Health","Stage IA Breast Cancer"
"Women's Health","Stage IA Cervical Cancer"
"Women's Health","Stage IB Breast Cancer"
"Women's Health","Stage IB Cervical Cancer"
"Women's Health","Stage II Ovarian Cancer"
"Women's Health","Stage IIA Breast Cancer"
"Women's Health","Stage IIA Cervical Cancer"
"Women's Health","Stage IIA Ovarian Cancer"
"Women's Health","Stage IIA Ovarian Germ Cell Tumor"
"Women's Health","Stage IIB Breast Cancer"
"Women's Health","Stage IIB Cervical Cancer"
"Women's Health","Stage IIB Ovarian Cancer"
"Women's Health","Stage IIB Ovarian Germ Cell Tumor"
"Women's Health","Stage IIC Ovarian Cancer"
"Women's Health","Stage IIC Ovarian Germ Cell Tumor"
"Women's Health","Stage III Cervical Cancer"
"Women's Health","Stage III Ovarian Cancer"
"Women's Health","Stage III Ovarian Epithelial Cancer"
"Women's Health","Stage IIIA Breast Cancer"
"Women's Health","Stage IIIA Ovarian Cancer"
"Women's Health","Stage IIIA Ovarian Germ Cell Tumor"
"Women's Health","Stage IIIB Breast Cancer"
"Women's Health","Stage IIIB Ovarian Cancer"
"Women's Health","Stage IIIB Ovarian Germ Cell Tumor"
"Women's Health","Stage IIIC Breast Cancer"
"Women's Health","Stage IIIC Ovarian Cancer"
"Women's Health","Stage IIIC Ovarian Germ Cell Tumor"
"Women's Health","Stage IV Ovarian Cancer"
"Women's Health","Stage IV Ovarian Epithelial Cancer"
"Women's Health","Stage IVA Cervical Cancer"
"Women's Health","Stage IVB Cervical Cancer"
"Women's Health","Undifferentiated Ovarian Carcinoma"
"Women's Health","Uterine Cancer"
"Women's Health","Uterine Cervical Dysplasia"
"Women's Health","Uterine Endometrial Cancer"
"Women's Health","Vaginal Cancer"
"Women's Health","Women at Risk for Pregnancy"
